{"cameraMode":{"drawMode":0,"name":"Shaded","section":"Shading Mode"},"sceneLighting":false,"audioPlay":false,"sceneViewState":{"showFog":false,"showMaterialUpdate":false,"showSkybox":true,"showFlares":true,"showImageEffects":true,"showParticleSystems":true},"in2DMode":false,"pivot":{"x":80.95597839355469,"y":21.198776245117189,"z":108.04359436035156},"rotation":{"x":0.12264260649681092,"y":-0.86385178565979,"z":0.2524043023586273,"w":0.4187265932559967},"size":278.2534484863281,"orthographic":false}