{"cameraMode":{"drawMode":0,"name":"Shaded","section":"Shading Mode"},"sceneLighting":false,"audioPlay":false,"sceneViewState":{"showFog":false,"showMaterialUpdate":false,"showSkybox":true,"showFlares":true,"showImageEffects":true,"showParticleSystems":true},"in2DMode":false,"pivot":{"x":23.549999237060548,"y":2.640000104904175,"z":106.36000061035156},"rotation":{"x":-0.4070708155632019,"y":0.346047967672348,"z":-0.1703283190727234,"w":-0.8282551765441895},"size":5.230461597442627,"orthographic":false}