{"cameraMode":{"drawMode":0,"name":"Shaded","section":"Shading Mode"},"sceneLighting":false,"audioPlay":false,"sceneViewState":{"showFog":false,"showMaterialUpdate":false,"showSkybox":false,"showFlares":true,"showImageEffects":true,"showParticleSystems":true},"in2DMode":false,"pivot":{"x":1561.892822265625,"y":95.78675842285156,"z":3437.49560546875},"rotation":{"x":0.1539934128522873,"y":-0.8500692844390869,"z":0.3390413820743561,"w":0.3740692138671875},"size":10902.125,"orthographic":true}